id_deputado,titulo,dataInicio,dataFim
204379,,,
220714,,,
221328,,,
204560,,,
204528,Conselheira - Membro do Conselho Curador,,
204528,Vice-Presidente,,
204528,Professora,,
204528,Diretora Tesoureira,,
204528,Professora,,
204528,Professora,,
204528,Professora,,
121948,Secretário Parlamentar,,
74646,Diretor,,
74646,Diretor de Loterias,,
74646,Secretário Particular para Assuntos Especiais,,
74646,Secretário Particular para Assuntos Especiais,,
74646,Secretário Particular do Governador Tancredo Neves,,
74646,Secretário,,
74646,Secretário Parlamentar,,
74646,Chefe de Gabinete,,
74646,Secretário de Gabinete Parlamentar,,
74646,Economista,,
74646,Economista,,
136811,Coordenador,,
136811,Diretor Administrativo,,
136811,Diretor Administrativo,,
136811,Membro Titular,,
136811,Assessor,,
136811,Coordenador Geral de Programas Especiais,,
136811,Assessor,,
136811,Secretário Municipal,,
136811,Chefe,,
136811,Membro Titular,,
178835,,,
160527,Ministro,,
160527,Secretário Municipal,,
160527,Secretário,,
160527,Secretário,,
160527,Superintendente,,
160527,Presidente,,
204495,,,
204549,Secretário Regional,,
73579,Comandante,,
73579,Comandante da 3ª Companhia,,
73579,Comandante da Companhia de Guardas,,
73579,Comandante da Companhia de Policiamento,,
73579,Comandante da Escola de Formação de Soldados,,
73579,Comandante do Corpo de Cadetes,,
73579,Comandante do Pelotão de Comando e Serviços,,
73579,Comandante do Pelotão de Trânsito a Pé,,
73579,Subdiretor da Policlínica,,
73579,Ajudante-Geral,,
73579,Assessor,,
220538,,,
160559,Secretário,,
204501,Secretário Municipal,,
204501,Assessor Legislativo,,
204501,Assessor Legislativo,,
204501,Estagiário,,
204501,Estagiário,,
204501,Estagiário,,
204501,Office boy / auxiliar de escritório,,
178972,,,
204571,Chefe de Gabinete,,
220542,,,
220554,,,
221148,,,
220576,Secretário Estadual,,
220576,Advogado,,
220576,Procurador-Geral de Justiça,,
220576,Secretário Estadual,,
220576,Presidente do GECOC/AL,,
220576,Presidente do GECOC/AL,,
220576,Professor Universitário,,
220576,Promotor de Justiça,,
220576,Professor Universitário,,
220576,Advogado,,
74057,Farmacêutica Bioquímica,,
74057,Analista Química,,
178927,,,
226708,,,
178937,Secretário de Estado,,
178881,Secretário de Segurança Pública,,
178881,Secretário Adjunto de Inteligência,,
178881,Assessor Especial,,
178881,Chefe de Gabinete do Presidente,,
178881,Assessor,,
220707,Secretária Municipal de Governo e Articulação Política,,
204356,Apresentador,,
204356,Apresentador,,
204356,Apresentador,,
204356,Locutor Esportivo,,
220715,,,
107970,Secretária Municipal de Governo e Comunicação Social,,
107970,Secretária Municipal de Agropecuária e Abastecimento,,
107970,Secretária Municipal de Comunicação,,
107970,Secretária Municipal de Governo,,
107970,Secretária Municipal de Governo,,
107970,Auxiliar de Escritório,,
220556,,,
220632,Professora do Magistério Superior,,
178831,Engenheiro Florestal,,
220657,,,
204423,,,
133439,Assessor Especial,,
133439,Secretário Executivo,,
133439,Presidente,,
133439,Secretário de Estado,,
133439,Presidente,,
133439,Subsecretário,,
133439,Sócio,,
204515,Advogado,,
204515,Escrevente,,
204515,Cobrador de Ônibus,,
220676,Secretária Municipal de Assistência Social,,
123756,,,
220544,Presidente,,
220544,Secretário,,
220544,Presidente,,
160553,Secretário,,
220638,Coordenador da Bancada Federal Paulista,,
220638,Diretor de Planejamento,,
220638,Secretário Municipal,,
220638,Chefe de Gabinete,,
220638,Diretor Presidente,,
220638,Secretário Adjunto,,
220638,ATL Procurador,,
220675,,,
220549,,,
73433,Secretário de Governo,,
73433,Médico,,
73433,Médico,,
141391,Presidente,,
141391,Secretário,,
141391,Presidente,,
141391,Conselheiro,,
141391,Presidente,,
141391,Secretário,,
141391,Presidente,,
141391,Membro,,
141391,Chefe de Gabinete,,
141391,Membro,,
160541,,,
160600,Assessor,,
74090,Auditor,,
123086,Diretor,,
123086,Pró-Reitor,,
160665,Secretário Municipal de Habitação,,
160665,Secretário Municipal,,
160665,Diretor,,
160512,,,
69871,Secretário de Educação e Cultura,,
69871,Presidente,,
69871,Assessor Técnico,,
69871,Coordenador Estadual,,
178975,Secretário,,
220605,,,
220612,,,
73701,Secretária de Estado de Assistência Social e Direitos Humanos,,
73701,Ministra de Estado,,
73701,Vendedora Ambulante,,
73701,Professora,,
73701,Empregada Doméstica,,
109429,Secretário Administrativo,,
109429,Secretário Adjunto,,
204358,,,
220683,,,
204374,Subprocuradora-Geral do Distrito Federal,,
204388,Escritor,,
204388,Palestrante,,
204388,Apresentador,,
204388,Apresentador,,
204388,Presidente TVI,,
204388,Apresentador,,
204388,Produtor CDs e Discos,,
204388,Diretor Programação,,
204388,Presidente,,
204388,Diretor FM Cultura,,
204388,Apresentador,,
204388,Diretor,,
204388,Apresentador de eventos/rádio e TV,,
204388,Apresentador,,
204388,Apresentador,,
204388,Secretário de Turismo,,
204388,"Diretor jornalismo, repórter e apresentador",,
160538,,,
210989,,,
220635,,,
220574,Cabo da Polícia,,
143942,Secretário Municipal,,
220548,,,
204572,Comandante da 26º CICOM,,
204572,Subcomandante do Batalhão da Força Tática,,
204572,Subdiretor de Comunicação Social da PMAM,,
204572,Comandante da 2º CICOM,,
204572,Comandante de Pelotão da ROCAM,,
204572,Capitão,,
220690,,,
178829,,,
213762,,,
204507,Gerente de Projetos,,
178993,,,
204460,Analista administrativo,,
204460,Analista de Planejamento e Orçamento,,
204460,Garçom,,
204460,Garçom e atendente,,
74262,Secretário de Cooperação nos Assuntos de Segurança Pública,,
74262,Promotor de Justiça,,
74262,Professor de Direito Processual Penal,,
204426,,,
141398,Assessor Parlamentar,,
141398,Secretário de Subprefeituras do Município de São Paulo,,
141398,Gerente Regional de Administração,,
141398,Secretário de Transportes do Município de São Paulo,,
141398,Analista Operacional,,
220704,Professora,,
204369,,,
220699,Diretor do Departamento de Estradas e Rodagens DER,,
220699,Secretário de Estado de Infraestrutura - Seinfra,,
206018,Coordenação de Educação Escolar Indígena,,
178876,Presidente,,
178876,Médico,,
178876,Médico,,
204488,Secretário Estadual,,
204488,Fundador,,
204488,Professor,,
73441,Apresentador do Programa Celso Russomanno,,
73441,Apresentador do Programa da Tarde no Quadro Patrulha do Consumidor,,
73441,Apresentador do Programa Balanço Geral no Quadro Patrulha do Consumidor,,
73441,Apresentador do Programa Jogo do Poder,,
73441,Apresentador do Programa Notícias e Mais,,
73441,Apresentador do Programa Celso Russomanno,,
73441,Repórter Novo Aqui e Agora,,
73441,Apresentador do Programa Domingo Real,,
73441,Repórter do programa Falando Francamente,,
73441,Repórter Especial do programa A Casa é Sua,,
73441,Repórter Programa Bom Dia Mulher,,
73441,Repórter Programa Brasil Já,,
73441,"Reporter Especial do quadro Defesa do Consumidor, programa Elas",,
73441,Repórter do programa Prá Valer,,
73441,Repórter Especial do programa Cidade Alerta,,
73441,Presidente,,
73441,Conciliador,,
73441,Repórter do Jornal Aqui e Agora,,
73441,Diretor e Apresentador do programa Circuito Night and Day,,
73441,Programa Night Clip,,
73441,Assessor,,
73441,Sócio Diretor,,
73441,Representante do Gabinete da Vice-Presidência da República em São Paulo,,
73441,Assessor de Comunicação,,
73441,Oficial de Gabinete da Casa Civil,,
73441,Chefe do Plantão Central,,
204504,Radialista,,
205476,Presidente,,
205476,Secretário Municipal,,
205476,Secretário Municipal,,
74171,Professor de Prática de Ensino de História,,
74171,Professor de Prática de Ensino de História,,
74171,Coordenador de Apoio ao Educando,,
74171,Professor de História,,
204462,,,
220665,,,
74537,,,
141408,Gerente Regional Substituto,,
141408,Chefe,,
141408,Professor de Matemática,,
141408,Feirante,,
141408,Agente Administrativo,,
141408,Agente Administrativo,,
88256,,,
98148,Presidente,,
98148,Secretário de Estado de Infraestrutura,,
98148,Secretário de Estado da Casa Civil,,
98148,Presidente,,
98148,Presidente,,
98148,Secretário de Estado do Desenvolvimento Regional,,
98148,Chefe de Gabinete do Governo de Santa Catarina,,
98148,Diretor Geral da Secretaria de Estado dos Negócios,,
98148,Chefe de Gabinete Parlamentar na Assembleia Legislativa,,
98148,Assessor do Deputado Federal Casildo Maldaner,,
220594,Comandante-Geral,,
204378,,,
220595,Deputada Federal,,
220595,Policial Militar,,
220666,,,
220590,,,
178963,Secretário Estadual,,
220608,,,
204355,,,
141411,Diretor-Presidente do Departamento Estadual de Trânsito - Detran,,
141411,Funcionário da Coordenadoria de Apoio Técnico aos Municípios,,
141411,Procurador de Autarquia,,
141411,Secretário de Estado da Produção e do Turismo,,
141411,"Secretário de Estado de Justiça, Trabalho e Ação Social",,
141411,Sub-Chefe da Casa Civil,,
220555,,,
220692,Empresário do ramo de combustíveis,,
74467,Secretário,,
74467,Sócio Fundador e Diretor-Presidente,,
74467,Residente em Cirurgia Geral,,
74467,Diretor,,
74467,Médico Assistente do Dr. Kenki Nakiri,,
74467,Médico,,
74467,Médico Assistente,,
74467,Professor,,
74467,Médico-Cirurgião,,
74467,Médico-Cirurgião,,
74467,Estagiário,,
74467,Professor,,
74467,Professor,,
74467,Professor,,
74467,Diretor e Fundador,,
74467,Sócio Fundador,,
220629,,,
220603,,,
220571,,,
74060,Instrumentista,,
74060,Instrumentista,,
220582,,,
204367,Diretor Presidente,,
204367,Diretor Presidente,,
204409,Repórter e Apresentador,,
204409,Produtor de TV,,
204459,Ministra de Estado,,
204459,Secretaria de Assistência Social e Cidadania,,
204459,Professora de Ensino Fundamental,,
220557,,,
62881,Presidente,,
62881,Presidente,,
62881,Presidente,,
62881,Diretor Executivo,,
62881,Diretor Executivo,,
62881,Assessor Especial,,
62881,Assessor Legislativo,,
160552,Secretário Estadual,,
160552,Atleta Profissional,,
160552,Atleta Profissional,,
204511,,,
220659,,,
220539,,,
220565,Secretária Municipal de Defesa Social,,
220565,Superintendente de Direitos Humanos,,
220565,Delegada Geral da Polícia Civil do Estado de Goiás,,
220565,Delegada Titular DPCA,,
220625,,,
220561,Delegada Geral,,
220642,Secratário,,
220673,Delegado de Polícia,,
220673,Policial Militar,,
220673,Soldado,,
220649,,,
178908,Delegado de Polícia,,
220583,Delegado de Polícia,,
220583,Bombeiro Militar,,
204512,Professor,,
204512,Professor,,
204512,Diretor Regional de Combate ao Crime Organizado - MG,,
204512,Professor,,
204512,Delegado de Polícia Federal,,
204512,Analista Judiciário,,
204512,Assistente Judiciário,,
220701,Delegado de Polícia,,
220652,,,
220654,Delegado de Polícia,,
220619,Diretor-Geral,,
220619,Delegado Federal,,
220619,Professor,,
220553,Presidenta,,
220689,Secretária Municipal,,
160588,Diretor,,
220691,,,
178929,,,
73768,,,
220671,,,
160599,,,
220602,Secretário de Gestão e Metas,,
220602,Secretário Municipal de Saúde,,
220602,Secretário de Governo,,
143632,Secretário Extraordinário,,
160758,Médico Veterinário,,
160758,Produtor Rural,,
220573,Superintendente,,
220573,Secretário,,
227433,,,
204450,,,
220610,,,
220688,Diretor-Geral,,
220688,Secretário Estadual de Saúde,,
220688,Perito Médico Legal,,
220688,Médico,,
220688,Médico,,
220688,Médico,,
220688,Médico,,
220688,Médico,,
204518,Diretor Técnico,,
204518,Médico Oncologista,,
204518,Médico Socorrista,,
220570,Secretário de Estado da Saúde,,
204481,,,
204351,Chefe de Serviço de Clínica Médica,,
204351,Coordenador da COREME,,
204351,Diretor de Comunicação da Sociedade Brasileira de Cardiologia - MS,,
204351,Diretor Científico da Sociedade Brasileira de Cardiologia - Regional - MS,,
204351,Presidente da Sociedade Brasileira de Cardiologia - Regional -MS,,
204351,Vice-Presidente da Sociedade Brasileira de Cardiologia Regional -  MS,,
204351,"Apresentador do Programa de Rádio intitulado ""Estilo de Vida a Saúde sem Remédio""",,
204351,Professor do Curso de Medicina,,
204351,Coordenador do Programa de Residência em Clínica Médica,,
204351,Coordenador e Fundador da Residência de Clínica Médica,,
204351,Professor de Clínica Médica,,
204351,Professor de Estudos Bíblicos na Escola Dominical,,
204351,"Entrevistado mensal do Programa de Rádio ""CONSTRUINDO O REINO DE DEUS""",,
204351,Ex-entrevistado mensal MAIS SAÚDE,,
204351,Palestrante e Conferencista,,
220528,,,
204412,Medico Cirurgião Pediátrico,,
220674,,,
220686,Presidente,,
220540,Proprietário,,
220623,,,
92346,Escrivão de Polícia Federal,,
92346,Escrivão de Polícia Federal,,
92346,Escrivão de Polícia Federal,,
92346,Escrivão de Polícia Federal,,
141421,Sócio,,
220589,,,
74075,Presidente,,
74075,Diretora,,
74075,Diretora Administrativa e Financeira,,
74075,Coordenadora Estadual,,
74075,Presidente,,
74075,Diretora de Educação e Cultura,,
74075,Supervisora Educacional,,
74075,Inspetora de Educação,,
74075,Secretária de Departamento,,
204364,,,
178854,,,
218086,,,
198783,,,
161550,,,
225730,,,
230765,Chefe de Enfermagem,,
220663,,,
220645,,,
160575,Bancária,,
160640,Secretário de Estado de Esportes e da Juventude,,
160640,Secretário de Estado de Esportes e da Juventude,,
160640,Músico e Compositor,,
204482,Superintendente Geral da Saúde de Minas Gerais,,
74454,Ministro de Estado,,
74454,Ministro de Estado das Comunicações,,
178871,Diretor Presidente,,
178871,Secretário Municipal de Agricultura,,
220681,,,
171623,Secretário-Adjunto,,
204368,Diretor Comercial,,
220653,,,
74065,Secretária,,
74065,Secretaria de Turismo do Estado do Amapá,,
74065,Presidente,,
74065,Superintendente,,
74065,Superintendente,,
74065,Secretaria de Trabalho e Cidadania do Amapá (SETRACI),,
74065,Secretária,,
74065,Pastoral Carcerária do Amapá,,
74065,Federação de Órgãos para Assistência Social e Educacional (FASE),,
220712,Deputado Estadual,,
66828,,,
220646,,,
72442,Secretário de Turismo e Lazer,,
204398,,,
160666,,,
204407,Escriturária,,
204407,Bibliotecária,,
220656,,,
141431,,,
204445,,,
92699,Empresário do setor de transporte,,
204427,,,
204411,Advogado,,
204411,Assessor Parlamentar,,
220545,,,
160598,Secretária Estadual de Cidadania e Trabalho,,
160598,Secretária Municipal de Assistência Social,,
160598,"Professora de Português, Inglês",,
160598,Secretária Municipal de Assistência Social,,
191923,Secretário de Estado do Turismo,,
191923,Presidente,,
191923,Ex-Presidente,,
191923,Secretaria de Estado das Cidades,,
191923,Secretário de Estado da Defesa Civil,,
191923,Presidente,,
191923,Editor Chefe,,
191923,Médico - Diretor Clínico,,
191923,Médico Cirurgião Torácico,,
191923,Professor de Cirurgia Geral,,
220700,Secretário de Saúde,,
220551,,,
204494,,,
220534,,,
224117,,,
220708,Superintendente de Habitação no Estado,,
204473,,,
220611,Secretário de Assuntos Estratégicos,,
220611,Secretário Executivo,,
220611,Ministro de Estado,,
178966,Secretaria Municipal de Saúde,,
178966,Secretaria Municipal de Assistência Social e Habitação,,
178966,Coordenadora de Recursos Humanos,,
178966,Instrutora de Treinamento,,
178966,Analista de Sistemas,,
178966,Tecnica em Microinformatica,,
220702,,,
74374,Secretário Estadual,,
74374,Secretário Estadual,,
74374,Médico,,
74374,Médico-chefe,,
74374,Médico,,
74374,Médico,,
74374,Gráfico,,
74374,Gráfico,,
74374,Gráfico,,
204394,,,
74383,,,
204491,,,
74270,Delegado de Polícia,,
220529,Secretário de Economia e Planejamento,,
220529,Secretário de Governo,,
204365,Advogado,,
220526,Agente de Policia Federal,,
220526,Policial Rodoviário Federal,,
160673,"Professor, Graduação e Pós-Graduação em Cooperativismo",,
226179,,,
152605,Secretário Geral de Governo,,
152605,Secretário de Projetos Especiais,,
152605,Secretário de Integração Governamental,,
152605,Secretário de Gabinete,,
198197,Advogada / Consultora,,
220639,Ministro de Estado,,
220664,Sócio,,
220664,Diretor de Patrimônio,,
220664,Chefe de Gabinete do Deputado Guilherme Uchoa,,
220664,Assistente Judiciário,,
220664,Oficial de Gabinete,,
220568,,,
204408,Assessor,,
204456,,,
178964,Agricultor Familiar,,
178873,Secretário de Estado de Assistência Social e Direitos Humanos,,
178873,Professor de Filosofia,,
220537,Professora do Magistério Superior - disciplina Meio Ambiente,,
220537,Professora do Magistério Superior,,
220537,Gestora,,
220537,Técnica Ambiental e Bióloga,,
204444,,,
220672,Secretário Regional de Governo do Oeste do Pará,,
220672,Almoxarife,,
204539,,,
178884,Secretário de Estado das Cidades e Desenvolvimento Urbano,,
178884,Secretário de Assuntos Políticos,,
178884,Secretário de Estado da Coordenação Política e Articulação com os Municípios,,
178884,Chefe da Assessoria Especial da Liderança do Governo no Congresso Nacional,,
178884,Diretor,,
178884,Presidente,,
141450,Secretário de Estado,,
141450,Presidente,,
141450,Presidente Interino,,
141450,Sócio-proprietário,,
141450,Secretário de Estado,,
141450,Presidente Interino,,
141450,Assistente Técnico de Gabinete,,
141450,Presidente,,
141450,Sócio-proprietário,,
141450,Sócio-proprietário,,
141450,Vice-Diretor Geral,,
141450,Vogal,,
141450,Presidente,,
141450,Diretor Geral,,
141450,Corretor de Imóveis,,
141450,Advogado,,
141450,Segundo Tenente da Reserva,,
160674,,,
220563,,,
204508,Diretor-Geral,,
204508,Coordenador de Operação e Manutenção de Redes,,
98615,,,
204436,,,
73531,Professor,,
73531,Representante Comercial,,
73531,Diretor,,
73531,Professor,,
220696,,,
220670,Vice-Reitora,,
220670,Diretora de Saúde,,
220670,Coordenadora do Curso de Fisioterapia,,
220527,,,
220697,,,
74848,Secretária Municipal,,
74848,Secretária Municipal,,
74848,Médica Cardiologista,,
74848,Médica Residente,,
74848,Baterista Profissional,,
74848,Médica Cardio Pediátrica,,
220567,,,
74273,Secretário de Ação Política do Estado,,
141456,Secretário Municipal de Transportes,,
141456,Secretário Municipal de Governo,,
141456,Secretário Municipal de Governo,,
141456,Secretário Municipal de Transportes,,
141456,Secretário de Implantação das Subprefeituras,,
141456,Secretário Municipal do Abastecimento,,
141456,Secretário Municipal do Abastecimento São Paulo,,
141456,Sócio-Diretor,,
141456,Sócio-Diretor,,
141458,"Empresário no Setor da Construção Civil, Agronegócio, Distribuição de Combustíveis e Lubrificantes",,
230957,,,
178970,,,
74550,Diretor- Presidente,,
74550,Diretor-Presidente,,
74550,Diretor-Presidente,,
74550,Diretor-Presidente,,
74550,Diretor-Presidente,,
141459,"Vice-Presidente de Serviços, Infraestrutura e Operações da Diretoria Executiva",,
141459,Secretário de Desenvolvimento Econômico do Rio Grande do Norte,,
141459,Professor de Economia Brasileira,,
141459,Sócio e Ex-Diretor,,
141459,Secretário Executivo,,
141459,Secretário Nacional de Economia,,
141459,Secretário de Planejamento,,
141459,Secretário Adjunto de Preços Industriais do Conselho Interministerial de Preços da Cidade do Rio de Janeiro,,
141459,"Professor de Economia Brasileira, Macro Economia Avançada e Desenvolvimento Econômico",,
141459,Analista Legislativo,,
141459,Relator dos Projetos da Lei do Gás,,
178910,Secretário de Estado de Obras Públicas,,
178910,Secretário de Estado de Obras Públicas,,
160548,Apresentador - Locutor,,
160548,Apresentador Locutor,,
160548,Apresentador - Locutor,,
160548,Apresentador  Locutor,,
160548,Diretor Artístico,,
205550,,,
214694,,,
178857,Secretário de Saúde do Estado,,
178857,Secretário de Atenção à Saúde,,
178857,Secretário Municipal de Saúde,,
178857,Professor,,
178857,Consultor,,
178857,Médico Sanitarista,,
178857,Médico,,
141464,Diretor,,
141464,Advogado,,
141464,Advogado,,
141464,Engenheiro Civil,,
141464,Engenheiro Civil,,
141464,Engenheiro Civil,,
141464,Engenheiro Civil,,
141470,Presidente,,
141470,Chefe de Gabinete,,
204472,,,
204391,Secretário para Assuntos Comunitários,,
74079,,,
74554,Médico,,
74554,Médico,,
74554,Médico,,
209189,,,
220578,Secretário de Estado,,
220578,Secretário Municipal,,
220578,Secretário Municipal,,
220578,Auditor Fiscal,,
74141,Secretário Estadual,,
74141,Secretário Estadual,,
74141,Assessor de Planejamento,,
204563,,,
215043,,,
204474,Apresentador e Radialista,,
204474,Servidor,,
220559,,,
220640,Auxiliar de Parlamentar,,
220640,Assessora Especial,,
220640,Coordenadora de Participação Popular,,
220640,Auxiliar de Departamento Pessoal,,
220640,Auxiliar Administrativo,,
220640,Atendente,,
220640,Balconista,,
220640,Balconista,,
66385,Secretário Municipal,,
66385,Presidente,,
66385,Presidente,,
66385,Diretor-Geral,,
66385,Diretor-Presidente,,
74317,Secretário de Agricultura,,
74317,Secretário de Agricultura,,
74317,"Chefe de Gabinete, Secretário Interino e Superintendente da Polícia Civil",,
74317,Secretário de Administração,,
74317,Secretário de Justiça e Segurança Pública,,
74317,Diretor de Administração e Finanças,,
74317,Diretor-Presidente,,
74317,Presidente,,
74317,Presidente Comissão de Concursos,,
74317,Procurador Fiscal de Tributos,,
74317,Professor,,
204372,Secretária de Estado,,
204372,Secretário de Estado,,
204372,Secretário de Estado Adjunto,,
74253,Vice-Presidente,,
74253,Diretor,,
74253,Presidente,,
204457,,,
204520,,,
204497,Primeiro Vice-Presidente,,
204497,Presidente,,
204497,Primeiro Vice-Presidente,,
204497,Segundo Secretário,,
204574,,,
204550,,,
178886,Médico,,
220677,,,
162067,,,
204536,,,
98057,Secretário de Estado de Defesa Social,,
98057,Professor de Direito - Substituto,,
98057,Professor de Ciência Política,,
98057,Superintendente de Assuntos Municipais,,
98057,Professor de História,,
98057,Técnico Ambiental,,
98057,Técnico,,
74856,Secretária Municipal,,
74856,Secretária Municipal,,
74856,Secretária Municipal,,
74856,Assessora Legislativa,,
74856,Estagiária,,
74856,Adjunta Legislativa,,
74856,Estagiária,,
220566,Secretária de Estado de Desenvolvimento Social,,
220566,Presidente da Agência de Desenvolvimento Regional,,
220566,Secretária Municipal de Obras,,
220566,"Secretária Municipal de Educação, Cultura e Desporto",,
231911,,,
80815,Secretário Municipal de Promoção Social e Combate,,
80815,Secretário Municipal de Saúde,,
80815,Presidente,,
74156,Técnico Laboratorista,,
74299,Ministro de Estado da Secretaria de Portos,,
74299,Secretário Municipal de Desenvolvimento Urbano,,
74299,Secretário de Obras,,
74299,Supervisor de Obras,,
74299,Diretor de Operações,,
74299,Engenheiro Civil,,
92102,,,
139285,,,
74585,Secretário Municipal Adjunto de Esportes,,
74585,"Âncora, programa Record em Notícias",,
74585,Consultor Político,,
74585,Apresentador do Programa 30 minutos,,
74585,Apresentador do Programa Alerta Geral (por 6 anos),,
74585,"Âncora, Comentarista e Apresentador Radiofônico",,
74585,"Âncora, Comentarista e Apresentador Radiofônico",,
74585,"Âncora, Comentarista e Apresentador Radiofônico",,
74585,"Âncora, Comentarista e Apresentador Radiofônico",,
74858,,,
220662,,,
204404,Secretário de Estado,,
204404,Assessor Especial,,
138286,,,
220581,,,
74478,Diretor,,
178931,Secretário Municipal de Saúde,,
178931,Diretor Geral,,
178931,Médico,,
220616,,,
178954,Diretor Geral,,
222429,,,
160510,,,
204410,,,
204448,,,
141485,Secretário de Obras Públicas,,
141485,Secretário Estadual,,
141485,Secretaria Municipal do Planejamento Urbano,,
141485,Presidente da Comissão do Plano Diretor,,
141485,Secretário do Planejamento Urbano,,
141485,Secretário Municipal,,
141485,Sócio-gerente,,
141485,Sócio-gerente,,
141485,Sócio-gerente,,
141485,Professor,,
141485,Professor,,
141485,Diretor do Setor de Planejamento Urbano,,
141485,Topógrafo e Arquiteto,,
141485,Topógrafo e Arquiteto,,
141485,Operador de Utilidades,,
141485,Auxiliar de Escritório,,
141485,Diretor,,
73778,Presidente,,
73778,Presidente,,
73778,Secretário da Fazenda do Estado do Paraná,,
73778,Secretário Estadual,,
73778,Assessor Financeiro,,
73778,Assessor Financeiro,,
73778,Presidente,,
73778,Diretor,,
73778,Diretor,,
73778,Professor,,
73778,Professor de Educação Física,,
73778,Professor de Educação Física para o 1º grau,,
73778,Professor de basquetebol e handebol,,
73778,Professor de basquetebol e handebol,,
73778,Professor de Educação Física,,
73778,Professor de Educação Física para 1º e 2º graus,,
204485,Diretor Presidente,,
74041,Professor de Antropologia Filosófica,,
74041,Diretor do CCHLA,,
74041,Diretor do CCHLA,,
74041,Chefe do Departamento de Filosofia,,
74041,Professor de Filosofia Social e Política,,
74041,Chefe de Gabinete da Reitoria,,
74041,Chefe de Gabinete da Reitoria,,
74041,Professor de Filosofia da História,,
74041,Professor de Introdução à Filosofia,,
74041,Professor de História da Filosofia,,
74041,Professor de Ética,,
74041,Coordenador do Departamento de Filosofia,,
74041,Professor de Lógica,,
74041,Subchefe do Departamento de Filosofia,,
74041,Professor de Metodologia da Ciência,,
74041,Coordenador do Curso de Filosofia,,
74041,Coordenador do Curso de Filosofia,,
74041,Monitor de Psicologia,,
74041,Monitor de Psicologia,,
74041,Professor Adjunto,,
74041,Professor Adjunto,,
74041,Professor Assistente,,
74041,Professor Assistente,,
74041,Professor Auxiliar de Ensino,,
74041,Professor Auxiliar de Ensino,,
141487,Empresário,,
229432,,,
220658,Vice-Presidente Administrativo,,
220658,Presidente,,
204455,Secretário Nacional de Esporte de Alto Rendimento,,
204455,Professor de Natação,,
204455,Comentarista Esportivo,,
162332,,,
204526,Diretor de Desenvolvimento de Novos Negócios,,
204526,Analista Financeiro,,
204526,Analista Financeiro,,
204526,Analista de Planejamento Financeiro,,
74784,Ministra-Chefe,,
74784,Assessora,,
74784,Supervisora,,
74784,Assessora Técnica,,
74784,Assistente Social e Supervisora de Integração no Mercado de Trabalho,,
74784,Supervisora de Área,,
74784,Professora,,
74784,Coordenadora,,
74784,,,
74784,Professora,,
74784,Chefe Assessora,,
74784,Chefe do Setor de Relações Públicas,,
74784,Reitora,,
74784,Responsável pela seleção de Assistentes Sociais,,
74784,Coordenadora-Geral,,
74784,Professora,,
74784,Professora,,
74784,Secretária do Bem-Estar Social,,
178866,Professora Universitária,,
178866,Professora,,
178866,Fiscal de Limpeza e Urbanização,,
220669,,,
166402,,,
220648,Presidente do Comitê de Regularização Fundiária,,
220648,Secretário Executivo,,
220648,Secretário Municipal,,
156190,Repórter,,
156190,Consultor para Relações Internacionais e Comunicação,,
156190,Consultor para Relações Internacionais e Comunicação,,
156190,Tradutor - Freelancer,,
156190,Assessor Especial Para Relações Internacionais e Economia,,
156190,Jornaleiro,,
179000,Ministro de Estado,,
220599,,,
133810,Secretário de Transportes e Serviços Públicos,,
178983,,,
179001,Secretário de Estado de Desenvolvimento e Assuntos Internacionais,,
220687,Secretário Estadual,,
220687,Secretário Estadual,,
220687,Sócio Diretor,,
220687,Sócio Diretor,,
220687,Sócio Diretor,,
81055,Secretário de Estado das Cidades do Maranhão - SECID,,
81055,Secretário de Estado de Comunicação Social e Assuntos Políticos,,
81055,Secretário de Comunicação do Município de São Luís,,
81055,Presidente Estadual,,
81055,"Assessor Parlamentar, Deputado Estadual Rubens Júnior",,
81055,"Secretário Parlamentar, Gabinete Deputado Federal Flávio Dino",,
81055,"Chefe de Gabinete, Deputada Federal Terezinha Fernandes",,
81055,Secretário Municipal de Comunicação do Município de Imperatriz,,
81055,Professor do Departamento de Comunicação Social,,
81055,Jornalista,,
150418,Apresentador de programas,,
150418,Apresentador de programas,,
150418,Apresentador,,
150418,Diretor,,
150418,Apresentador de programas seculares,,
150418,Apresentador de programas seculares,,
150418,Diretor,,
150418,Diretor,,
150418,Apresentador de programas seculares,,
150418,Apresentador de programas seculares,,
150418,Apresentador de programas seculares,,
150418,Apresentador de programas seculares,,
150418,Apresentador de programas seculares,,
150418,Apresentador de programas seculares,,
160535,,,
204431,,,
204506,Ministro de Estado,,
204506,Sócio e Administrador,,
204506,Presidente Nacional,,
220547,,,
178943,,,
220604,Secretário de Meio Ambiente e Proteção Animal,,
220668,,,
74398,Professora,,
74398,Professora,,
204540,Presidente,,
204540,Professora,,
204540,Professora,,
220655,Secretário Especial de Cultura,,
74158,Chefe de Serviço,,
74158,Chefe de Serviço e Diretor-Presidente,,
74158,Diretor,,
74158,Diretor,,
74158,Diretor Presidente,,
74158,Oficial Socorrista,,
178858,Assessor,,
178858,Assessor Especial,,
178858,Assessor Jurídico,,
178858,Estagiário,,
204566,,,
220572,,,
178843,Ministro de Estado do Turismo,,
178843,Secretário Municipal de Planejamento e Desenvolvimento,,
178843,Secretário Municipal de Habitação,,
220661,,,
220609,,,
220628,,,
220550,,,
220647,,,
204486,Secretário Estadual,,
204486,Secretário Estadual,,
204486,Secretário Estadual,,
204486,Secretário Estadual,,
204486,Secretário Estadual,,
204486,Secretário Estadual,,
204486,Secretário Estadual,,
204486,Secretário Municipal,,
220607,Secretário Estadual,,
220591,Secretária Municipal de Assistência Social,,
220591,Administradora/Empresária,,
74428,Presidente,,
74428,Consultor,,
74428,Consultor,,
74428,Consultor,,
74428,Consultor,,
74428,Consultor,,
74428,Presidente,,
74428,Presidente Pro Tempore,,
74428,Ministro da Educação,,
74428,Presidente,,
74428,Consultor,,
74428,Diretor-presidente,,
74428,Secretário Estadual de Agricultura,,
74428,Secretário Estadual de Agricultura,,
188097,Secretário de Governo,,
188097,Secretário das Cidades,,
188097,Presidente,,
188097,Secretário de Governo,,
188097,Secretário de Planejamento,,
188097,Coordenador da Especialização em História do Brasil,,
188097,Coordenador do Curso de História,,
188097,Coordenador do Curso de História,,
188097,Professor,,
220585,,,
220530,Secretário de Governo,,
220530,Secretário Interino de Gabinete,,
220530,Secretário Interino de Saúde,,
220530,Coordenador Especial de Segurança,,
171786,,,
178985,Assessor,,
178985,Empresário,,
178985,Gerente,,
178985,Auxiliar de Escritório,,
178895,,,
178997,Pró-Diretor Administrativo,,
220617,Secretário de Governo,,
220617,Secretário de Governo,,
220584,,,
204453,,,
204449,,,
220622,,,
220703,Chefe de Gabinete,,
178896,,,
204479,Policial Rodoviário Federal,,
204479,Militar de Carreira do Exército,,
209787,,,
178986,Coordenador,,
74159,Assessor de Gabinete,,
74159,Conselheiro jurídico,,
74159,Diretor,,
204498,,,
178987,Ministro de Estado,,
73692,Ministro de Estado,,
73692,Ministro de Estado,,
73692,Secretário Estadual,,
73692,Secretário Executivo,,
73692,Chefe de Gabinete,,
73692,Diretor de Articulação,,
73692,Presidente,,
73692,Superintendente,,
204422,,,
204441,,,
204573,Diretor do Conselho da Associação Brasileira de Desenvolvimento,,
204573,Presidente,,
204573,Presidente e Membro do Conselho Administrativo,,
204573,Presidente e Membro do Conselho Asministrativo,,
220706,,,
160556,Pároco,,
160556,Professor,,
230762,,,
180214,,,
160642,Pastor,,
160642,Administrador,,
204570,,,
220615,,,
204553,,,
74160,Ministro,,
74160,Ministro,,
74160,"Coordenador, Pós-Graduação Lato Sensu em Direitos Humanos",,
74160,Professor em Pós-Graduação Lato Sensu em Direito Público,,
74160,Professor do Curso de Formação de Oficiais,,
74160,Presidente,,
74160,Professor,,
74160,Advogado,,
74095,Secretário Municipal,,
74095,Diretor,,
74095,Diretor,,
74095,Fundador,,
74095,Fundador,,
74095,Professor,,
74095,Professor,,
74095,Fundador,,
74095,Fundador,,
74095,Secretário Municipal de Educação,,
171617,,,
141518,Inspetor de Qualidade,,
141516,Juiz,,
141516,Sócio Fundador,,
220650,"Secretário de Desenvolvimento Econômico, Ciência e Tecnologia",,
220650,Secretário de Estado de Desenvolvimento Social,,
220650,Secretário Adjunto de Educação,,
220650,Diretor de Projetos Especiais,,
220650,Assistente Técnico de Administração Pública,,
178860,Superintendente,,
178860,Diretor de Operações,,
178860,Coordenador Regional,,
178860,Engenheiro Civil,,
160517,Secretário Estadual,,
160517,Diretor Financeiro,,
160517,Presidente,,
160558,Pastor Evangélico,,
204492,Secretário de Estado,,
204492,Coordenador Estadual,,
233592,,,
220685,,,
74574,Diretor,,
74574,Diretor-Presidente,,
74574,Presidente,,
74400,Secretário de Finanças,,
74400,Secretário-Geral,,
74400,Chefe de Gabinete,,
220630,,,
220667,,,
122974,Presidente,,
204395,,,
122158,Secretário Municipal,,
122158,Chefe da Casa Civil,,
122158,Secretário Municipal,,
160604,Professor Universitário,,
204406,,,
161440,,,
204524,,,
73486,Advogado,,
73486,Efetivo,,
160601,Pastor Presidente,,
160601,Sócio Proprietário,,
160601,Sócio Proprietário,,
220533,Professor,,
220533,Professor pré-vestibular,,
220533,Professor de Educação Básica,,
204390,,,
221338,,,
160641,Professora,,
220586,Secretário de Estado,,
220586,Secretário de Estado,,
220586,Diretor Presidente,,
220586,Secretário de Estado,,
233594,,,
220532,,,
220626,Presidente,,
220626,Diretor,,
220626,Presidente,,
220626,Professor,,
204567,Administrador,,
74084,Advogado,,
74084,Advogado,,
74084,Assessor Jurídico,,
74084,Assessor-Jurídico,,
74084,Funcionário,,
74084,Funcionário,,
74161,Economista,,
74161,Pesquisador,,
74161,Microempresário,,
74161,Monitor,,
74161,Professor Substituto,,
220606,Bancário,,
220606,Professor,,
220606,Professor,,
220606,Professor,,
220606,Professor,,
220606,Bancário,,
220606,Frade,,
205865,,,
178989,,,
153423,Secretária de Estado,,
153423,Diretora Financeira,,
73801,Secretário de Governo,,
73801,Sócio-Gerente,,
73801,Secretário Adjunto,,
175765,,,
221329,,,
220543,Secretário Extraordinário de Parcerias Público Privadas,,
220543,Secretário de Desenvolvimento Urbano e Regularização Fundiária,,
220543,Secretário de Estado da Juventude,,
220543,Professor Substituto,,
73788,Ministro da Saúde,,
73788,"Secretário de Indústria, Comércio e Assuntos do Mercosul",,
73788,Sócio-Proprietário,,
73788,Sócio-Proprietário,,
73788,Sócio e Diretor-Presidente,,
73788,Sócio-Proprietário,,
204362,Empresário,,
204362,Produtor Rural,,
220694,,,
220633,Ministro do Meio Ambiente,,
220633,Secretário de Meio Ambiente,,
220633,Secretario Particular de Governo,,
204489,Assessor para Assuntos Federativos do Estado,,
220693,,,
220588,,,
220613,,,
220624,Secretário de Estado do Meio Ambiente e Recursos Hídricos,,
220546,Presidente do PL,,
220546,Gerente Internacional da Embratur,,
220546,Assessor,,
220546,Presidente do PSL,,
230767,Secretario Municipal de Transporte e Trânsito,,
141531,Chefe de Gabinete,,
223128,,,
220641,,,
141533,Secretáro,,
141533,Secretário,,
141533,Secretário de Ciência e Tecnologia para Inclusão Social do Ministério da Ciência e Tecnologia,,
141533,Secretário de Turismo,,
141533,Secretário de Estado,,
141533,Secretário de Turismo,,
141533,Secretário de Estado,,
141533,Analista Legislativo,,
141533,Analista Legislativo,,
165470,Assessor,,
165470,Coordenador de novos negócios,,
165470,Sócio Administrador,,
165470,Administrador,,
165470,Professor,,
220695,"Secretária Municipal de Políticas para Mulheres, Infância e Juventude",,
204480,,,
160629,Secretário Chefe da Casa Civil,,
160629,Secretário Chefe da Casa Civil,,
160629,Secretário de Interiorização do Estado da Paraíba,,
160629,Secretário de Interiorização do Estado da Paraíba,,
163321,Diretor Presidente da Fundação Gaúcha do Trabalho,,
163321,Diretor-Presidente,,
163321,Diretor,,
163321,Diretor do Departamento de Transportes do Estado do Rio Grande do Sul,,
163321,Secretário Municipal,,
163321,Secretário Municipal de Obras e Serviços Urbanos,,
163321,Secretário Municipal de Habitação e Assistência Social,,
163321,Secretário Municipal,,
204525,,,
220644,Procuradora Jurídica,,
220644,Procuradora Jurídica,,
220644,Advogada,,
220620,,,
74371,,,
178887,Secretário Estadual,,
73604,Secretário de Governo da Cidade de São Paulo,,
73604,Diretor de Redação,,
73604,Jornalista,,
160635,Chefe da Casa Civil,,
160635,Secretário Estadual,,
204535,Técnica-administrativa,,
204535,Professora de Inglês,,
233598,,,
220631,,,
204416,Policial Federal,,
204387,1º Sargento da Policia Militar do Paraná,,
220621,Professor,,
220621,Policial Militar,,
220618,1º Sargento,,
226837,,,
178933,Advogado - Sócio/proprietário,,
204557,,,
74356,,,
204360,,,
220569,,,
220651,Secretária de Comunicação,,
220651,Professora Universtaria,,
220651,Diretora de Jornalismo,,
220651,Editora,,
220651,Apresentadora,,
220651,Editora Chefe,,
220651,Professora,,
104552,"Secretária de Estado de Educação, Cultura e Esporte",,
104552,Pró-reitora de Graduação,,
104552,Vice-reitora,,
104552,Secretária Municipal de Assistência Social,,
104552,Superintendente Estadual,,
178946,Presidente,,
178947,,,
92776,Assessor Especial,,
92776,Assistente Administrativo,,
92776,Estagiário,,
204534,Ativista e Co-Fundadora,,
204534,Ativista e Co-fundadora,,
204534,Ativista e Co-fundadora,,
204534,Ativista e Co-Fundadora,,
220682,,,
204464,Professora,,
220598,,,
220560,Secretário de Educação,,
220560,Secretário de Administração e Finanças,,
220560,Secretário de Assistência Social e do Trabalho,,
220597,,,
143084,Presidente do Instituto de Tecnologia e Desenvolvimento Sustentável,,
220684,Diretor,,
220684,Chefe de Gabinete,,
220684,Acionista,,
160976,"Ator, Humorista, Cantor",,
178934,Diretor Técnico,,
178934,Sócio Proprietário,,
157130,Presidente,,
157130,Direção,,
157130,Coordenação,,
160610,Secretário de Desenvolvimento Social e Combate à Pobreza,,
74376,Secretário de Infra-Estrutura e Habitação,,
74376,Secretário de Estado,,
74376,Chefe de Gabinete,,
204396,,,
74283,Controlador de Usinagem,,
74283,Apontador de Produção,,
74283,Apontador,,
137070,"Sócio, Administrador",,
141555,Coordenador de Ação Social,,
141555,Assessor Chefe da Liderança do PRB,,
141555,Diretor Executivo,,
141555,Diretor Regional,,
141555,Presidente Regional,,
141555,Diretor Administrativo e Financeiro,,
141555,Diretor,,
141555,Diretor,,
141555,Diretor,,
141555,Diretor,,
141555,Diretor,,
141555,Diretor,,
141555,Diretor,,
160591,,,
178992,Presidente do Parque Tecnológico de Sorocaba,,
178992,Secretário da Saúde,,
91228,,,
160569,Reitor,,
160518,Repórter Fotográfico,,
74043,,,
224333,,,
74044,Empresário Cotista,,
74044,Defensor Público,,
74044,Advogado do Estado,,
74044,Coordenador,,
74044,Secretário de Gabinete,,
220564,Advogada,,
220564,Advogada - atuação em contencioso cível,,
220564,Estagiária,,
220660,,,
230768,Sócio Administrador,,
230768,Gerente de Transporte,,
230768,Gerente Administrativo de Agência,,
220536,,,
204559,Advogado autônomo,,
160632,Secretário de Estado de Agricultura Pecuária e Abastecimento,,
160632,Secretário de Estado de Trabalho e Emprego,,
160632,Presidente,,
160632,Gerente Regional,,
160632,Extensionista Rural,,
220558,,,
204517,,,
160592,Chefe Regional,,
160592,Secretário Municipal,,
160592,Empresário,,
220592,,,
220552,Tenente Coronel,,
